,location_pair_id,locations,num_moves,dist,azimuth,lat,lon,city_8
0,0,"('Mallam', 'Accra', 'Ghana')",2,7.8744946917726955,2.773281123610487,-0.28896020000000006,5.5743359,Accra
1,0,"('Ashaiman', 'Accra', 'Ghana')",2,26.79182292568494,0.6492950208847211,-0.029529000000000003,5.694385,Accra
2,1,"('Techiman', 'Kumasi', 'Ghana')",2,295.409324862372,2.2675241526044863,-1.9364009999999998,7.584971,Accra
3,1,"('Wa', 'Wa', 'Ghana')",2,562.1286738132862,2.037191635734372,-2.5054272999999996,10.0623261,Accra
4,2,"('Agogo', 'Kumasi', 'Ghana')",2,168.85284428193455,2.1708699042792885,-1.0847298,6.8008746,Accra
5,2,"('Savelugu', 'Tamale', 'Ghana')",2,458.72824217006377,1.7170174999497003,-0.8258943000000001,9.6260647,Accra
6,3,"('Bondeni', 'Nakuru', 'Kenya')",2,115.34258885742527,2.2644515725864354,36.082991,-0.2937962,Nairobi
7,3,"('Nairobi', 'Nairobi', 'Kenya')",2,7.292625401689183,-0.05864104130538112,36.8172449,-1.2832533000000002,Nairobi
8,4,"('Mamelodi', 'Pretoria', 'South Africa')",1,58.42558069809099,0.8986008570395186,28.380829499999997,-25.715805300000003,Johannesburg
9,4,"('Lubumbashi', 'Lubumbashi', 'Democratic Republic of the Congo')",1,1431.6153647238723,1.5554475642688845,27.482626399999997,-11.664231599999999,Johannesburg
10,5,"('Mamobi', 'Accra', 'Ghana')",1,5.6911486185442905,0.9826752311138868,-0.19396660000000002,5.591402099999999,Accra
11,5,"('Kumasi', 'Kumasi', 'Ghana')",1,196.40088264922133,2.531191449409267,-1.6230403999999998,6.698081,Accra
12,6,"('Mamobi', 'Accra', 'Ghana')",1,5.6911486185442905,0.9826752311138868,-0.19396660000000002,5.591402099999999,Accra
13,6,"('Tamale', 'Kumasi', 'Ghana')",1,420.61481836986496,1.7493306492307175,-0.8423985999999999,9.4051992,Accra
14,7,"('Mamboleo', 'Kisumu', 'Kenya')",1,249.53007746992958,2.627458416594467,34.78619684046177,-0.05541535,Nairobi
15,7,"('Oyugis', 'Oyugis', 'Kenya')",1,237.7556425605253,2.793218286683493,34.734576000000004,-0.509908,Nairobi
16,8,"('Maseno', 'Kisumu', 'Kenya')",1,281.13279026725655,2.7184655151330865,34.599896816315876,-0.007851799999999999,Nairobi
17,8,"('Kitui', 'Kitui', 'Kenya')",1,181.6929977103207,-0.1378914368679044,38.372811654368775,-1.56422195,Nairobi
18,9,"('Mampong', 'Kumasi', 'Ghana')",1,204.78384033989994,2.302007168515904,-1.40425,7.056139,Accra
19,9,"('Namaro', 'Niamey', 'Niger')",1,930.5365667288883,1.3385162852897563,1.7104,13.6856,Accra
20,10,"('Mamprobi', 'Accra', 'Ghana')",1,18.607138160910726,-2.016667527105792,-0.24027310000000002,5.5356856,Accra
21,10,"('Ho', 'Ho', 'Ghana')",1,140.95489683920513,0.9975142277755661,0.46889319999999995,6.612659799999999,Accra
22,11,"('Mamprobi', 'Accra', 'Ghana')",1,18.607138160910726,-2.016667527105792,-0.24027310000000002,5.5356856,Accra
23,11,"('Koforidua', 'Koforidua', 'Ghana')",1,47.21986671610261,1.7921498875227388,-0.2614572,6.100333999999999,Accra
24,12,"('Mamprobi', 'Accra', 'Ghana')",1,18.607138160910726,-2.016667527105792,-0.24027310000000002,5.5356856,Accra
25,12,"('Tamale', 'Tamale', 'Ghana')",1,434.7022239878956,1.7293862176783077,-0.8423985999999999,9.4051992,Accra
26,13,"('Mallam', 'Accra', 'Ghana')",1,7.8744946917726955,2.773281123610487,-0.28896020000000006,5.5743359,Accra
27,13,"('Ho', 'Ho', 'Ghana')",1,140.95489683920513,0.9975142277755661,0.46889319999999995,6.612659799999999,Accra
28,14,"('Mamprobi', 'Agbogbloshie', 'Ghana')",1,2.4506982551838172,-2.49965848292423,-0.24027310000000002,5.5356856,Accra
29,14,"('Tarkwa', 'Takoradi', 'Ghana')",1,203.88467861106486,2.4445096757511675,-1.6360992,6.7250359,Accra
30,15,"('Manyatta', 'Kisumu', 'Kenya')",1,291.1411954702797,2.607972821342886,34.4813935,0.33330859999999995,Nairobi
31,15,"('Kisumu', 'Kisumu', 'Kenya')",1,245.80514193091705,2.6882632231563743,34.7541761,-0.10291089999999999,Nairobi
32,16,"('Mampong', 'Kumasi', 'Ghana')",1,204.78384033989994,2.302007168515904,-1.40425,7.056139,Accra
33,16,"('Konongo', 'Kumasi', 'Ghana')",1,155.80631209380246,2.40859474110203,-1.2148111000000001,6.6231481,Accra
34,17,"('Abeka', 'Accra', 'Ghana')",1,6.077729554000386,1.9297952951195467,-0.2418328,5.5999840999999995,Accra
35,17,"('Tamale', 'Tamale', 'Ghana')",1,434.7022239878956,1.7293862176783077,-0.8423985999999999,9.4051992,Accra
36,18,"('Mathare', 'Kiambu', 'Kenya')",1,7.09005965850697,3.126070727730142,36.853064670201896,-1.26475025,Nairobi
37,18,"('Kisii', 'Kisii', 'Kenya')",1,226.95541672778117,2.9221338783085686,34.75398551201732,-0.73894255,Nairobi
38,19,"('Mathare', 'Nairobi', 'Kenya')",1,11.321495514295965,0.10823127474510638,36.853064670201896,-1.26475025,Nairobi
39,19,"('Ongata Rongai', 'Nairobi', 'Kenya')",1,0.0,3.141592653589793,36.752010600000006,-1.395968,Nairobi
40,20,"('Mathare', 'Nairobi', 'Kenya')",1,11.321495514295965,0.10823127474510638,36.853064670201896,-1.26475025,Nairobi
41,20,"('nan', 'Bushika', 'Uganda')",1,340.78609692984577,2.4617712120799466,34.3399434,1.0493445,Nairobi
42,21,"('Matopeni', 'Nairobi', 'Kenya')",1,316.29877450011656,2.7179207529677467,34.30972070000001,0.14625,Nairobi
43,21,"('Kinangop', 'Kinangop', 'Kenya')",1,57.292852397929735,2.111333826325069,36.65,-0.7166,Nairobi
44,22,"('Mile 2', 'Lagos', 'Nigeria')",1,403.03251865193226,0.21366811924155849,3.3941795,6.4550575,Accra
45,22,"('Mile 15', 'Abakaliki', 'Nigeria')",1,918.4297364541835,0.07646636102358077,8.1133202,6.3208897,Accra
46,23,"('Mlolongo', 'Nairobi', 'Kenya')",1,21.235228642176505,0.005522499631582767,36.9433595,-1.3946515,Nairobi
47,23,"(""Lang'Ata"", 'Nairobi', 'Kenya')",1,7.013115918599619,1.2203863419706782,36.773682,-1.3221851999999998,Nairobi
48,24,"('Moeketsi', 'Tzaneen', 'South Africa')",1,35.60402294023657,-1.9693891625344353,27.885490100000002,-26.264193,Johannesburg
49,24,"('Tzaneen', 'Tzaneen', 'South Africa')",1,330.29706030942737,0.8200131926681239,30.161111100000003,-23.831944399999998,Johannesburg
50,25,"('Moi Barracks', 'Eldoret', 'Kenya')",1,238.3452154856352,2.3212654856077206,35.271548100000004,0.5198329,Nairobi
51,25,"('Busia', 'Busia', 'Kenya')",1,313.8751343304977,2.6361740317196785,34.26479520608315,0.3712048,Nairobi
52,26,"('Moloto', 'Pretoria', 'South Africa')",1,101.17373725600557,1.004212332895097,28.6383333,-25.465555600000002,Johannesburg
53,26,"('Harare', 'Harare', 'Zimbabwe')",1,884.0027498836419,1.1634373897129693,31.045686,-17.831773000000002,Johannesburg
54,27,"('Muscat', 'Muscat', 'Oman')",1,3010.4081748585963,0.5075211549400773,58.3829448,23.588201899999998,Nairobi
55,27,"('Kawangware', 'Nairobi', 'Kenya')",1,0.0,3.141592653589793,36.751643,-1.2784631000000002,Nairobi
56,28,"('Nakuru', 'Nakuru', 'Kenya')",1,128.8699386874597,2.3814230183230145,36.0712048,-0.28027240000000003,Nairobi
57,28,"('Makueni', 'Makueni', 'Kenya')",1,138.0524464544846,-0.6836624711957153,37.87717148162715,-2.25709305,Nairobi
58,29,"('Nakuru', 'Nakuru', 'Kenya')",1,128.8699386874597,2.3814230183230145,36.0712048,-0.28027240000000003,Nairobi
59,29,"('Nakuru', 'Nakuru', 'Kenya')",1,128.8699386874597,2.3814230183230145,36.0712048,-0.28027240000000003,Nairobi
60,30,"('NanaKrom', 'Accra', 'Ghana')",1,5.887637066148222,0.11844926173954388,-0.11483230000000001,5.6927463,Accra
61,30,"('nan', 'Porto-Novo', 'Benin')",1,321.80636991657815,0.28473608744506207,2.6253361,6.4990718,Accra
62,31,"('Navrongo', 'Bolgatanga', 'Ghana')",1,588.3972269386385,1.7450643160089274,-1.0883729,10.8928117,Accra
63,31,"('nan', 'Leo', 'Burkina Faso')",1,648.4304244505322,1.910416428006875,-2.1174447462526143,11.18140975,Accra
64,32,"('Mathare', 'Nairobi', 'Kenya')",1,11.321495514295965,0.10823127474510638,36.853064670201896,-1.26475025,Nairobi
65,32,"('Nakuru', 'Nakuru', 'Kenya')",1,128.8699386874597,2.3814230183230145,36.0712048,-0.28027240000000003,Nairobi
66,33,"('Makongeni', 'Nairobi', 'Kenya')",1,7.957443364239079,-2.774662742084477,36.8500098,-1.297993,Nairobi
67,33,"('Park Road', 'Nairobi', 'Kenya')",1,9.385736023678929,-3.0870126730987013,36.832496299999995,-1.2717239,Nairobi
68,34,"('Newtown', 'Accra', 'Ghana')",1,251.87181725761917,3.0858434075922654,-2.4420011,5.8126502,Accra
69,34,"('Nima', 'Accra', 'Ghana')",1,4.530205381275725,0.9523496746252719,-0.1987685,5.5820252,Accra
70,35,"('Langata', 'Nairobi', 'Kenya')",1,5.892154730973714,-0.9695290809795781,36.7816659,-1.3328938,Nairobi
71,35,"('Maseno', 'Kisumu', 'Kenya')",1,281.13279026725655,2.7184655151330865,34.599896816315876,-0.007851799999999999,Nairobi
72,36,"('Korogocho', 'Nairobi', 'Kenya')",1,15.571808875593959,0.1535185402137245,36.8903088,-1.2517501,Nairobi
73,36,"('Kisumu', 'Kisumu', 'Kenya')",1,245.80514193091705,2.6882632231563743,34.7541761,-0.10291089999999999,Nairobi
74,37,"('Kponou', 'Lome', 'Togo')",1,169.45726363337528,0.3206798340422361,1.2866753999999998,6.1663997,Accra
75,37,"('Kpangalam', 'Sokode', 'Togo')",1,165.27383633912186,0.32047432213623384,1.2508683999999999,6.1542585999999995,Accra
76,38,"('Kumasi', 'Kumasi', 'Ghana')",1,196.40088264922133,2.531191449409267,-1.6230403999999998,6.698081,Accra
77,38,"('Lawra', 'Lawra', 'Ghana')",1,639.1124033573469,2.0519699343811664,-2.893139,10.642831,Accra
78,39,"('Kwamekrom', 'Kpando', 'Ghana')",1,249.87633577697034,2.8080620366678746,-2.3028927,6.4217821,Accra
79,39,"('Sogakope', 'Sogakope', 'Ghana')",1,91.23820895503812,0.3910594142449969,0.5951312,5.9989117,Accra
80,40,"('Kwamhlanga', 'Waterval', 'South Africa')",1,103.43642362081569,0.7954761769688847,28.7045271,-25.426216500000002,Johannesburg
81,40,"('Xai-Xai', 'Xai-Xai', 'Mozambique')",1,628.9315305136945,0.16888906952884972,33.64073,-25.044479,Johannesburg
82,41,"('Kyalami', 'Johannesburg', 'South Africa')",1,9.079711546366989,-0.7971025067585037,28.06782725511372,-25.997023600000002,Johannesburg
83,41,"('Phumula South', 'Bulawayo', 'Zimbabwe')",1,570.003710098564,1.4343560163887097,28.588706300000002,-20.1560599,Johannesburg
84,42,"('Lagos', 'Lagos', 'Nigeria')",1,412.4315844660987,0.24682351088330887,3.3941795,6.4550575,Accra
85,42,"('Abidjan', 'Abidjan', ""Côte d'Ivoire"")",1,420.2494988202242,-3.0811297979571033,-4.016107,5.320357,Accra
86,43,"('Lagos', 'Lagos', 'Nigeria')",1,412.4315844660987,0.24682351088330887,3.3941795,6.4550575,Accra
87,43,"('Agbani', 'Agbani', 'Nigeria')",1,863.8223935452551,0.0974232968844926,7.551933999999999,6.3079035,Accra
88,44,"('Lagos', 'Lagos', 'Nigeria')",1,412.4315844660987,0.24682351088330887,3.3941795,6.4550575,Accra
89,44,"('Cotonou', 'Cotonou', 'Benin')",1,306.630921564338,0.301662939894323,2.4252507000000003,6.3676953,Accra
90,45,"('Lagos', 'Lagos', 'Nigeria')",1,412.4315844660987,0.24682351088330887,3.3941795,6.4550575,Accra
91,45,"('Niamey', 'Niamey', 'Niger')",1,925.4264337394519,1.289201751064207,2.109823,13.524834,Accra
92,46,"('Lagos', 'Lagos', 'Nigeria')",1,412.4315844660987,0.24682351088330887,3.3941795,6.4550575,Accra
93,46,"('Yantala', 'Niamey', 'Niger')",1,925.0136802914365,1.2911223784840877,2.0813610000000002,13.5386491,Accra
94,47,"('Lagos Street', 'Lagos', 'Nigeria')",1,402.5584030283161,0.22310277612600843,3.3825404999999997,6.4874915,Accra
95,47,"('Yamfo', 'Sunyani', 'Ghana')",1,285.8343070089004,2.501318793149138,-2.240377,7.2213080000000005,Accra
96,48,"('Langata', 'Nairobi', 'Kenya')",1,5.892154730973714,-0.9695290809795781,36.7816659,-1.3328938,Nairobi
97,48,"('Mombasa', 'Mombasa', 'Kenya')",1,404.51900426975857,-0.6288023343472984,39.667169,-4.05052,Nairobi
98,49,"('Makadara', 'Nairobi', 'Kenya')",1,391.69886243027304,-0.659209315670104,39.67398695424764,-4.0615647500000005,Nairobi
99,49,"('nan', 'Ngethi', 'Kenya')",1,126.50582725930167,0.21602831636472414,38.029883205468174,-0.9571447,Nairobi
100,50,"('Lapaz', 'Accra', 'Ghana')",1,12.561218585887737,-2.3644172703279462,-0.24869000000000002,5.6073648,Accra
101,50,"('Ebute Metta', 'Lagos', 'Nigeria')",1,412.377251697034,0.2555433891838619,3.3856122,6.4862553,Accra
102,51,"('Lapaz', 'Mallam', 'Ghana')",1,7.125813572601047,1.9889436870356128,-0.24869000000000002,5.6073648,Accra
103,51,"('Yendi', 'Yendi', 'Ghana')",1,434.57316639042193,1.5151293599913636,-0.0035068000000000005,9.446647800000001,Accra
104,52,"('Larteh', 'Koforidua', 'Ghana')",1,30.206157383516864,1.2005513498717444,-0.0688571,5.939456,Accra
105,52,"('Madina', 'Madina', 'Ghana')",1,0.0,0.0,-0.16770520000000003,5.6864962,Accra
106,53,"('Legon', 'Accra', 'Ghana')",1,11.614947656696842,1.2587238805296816,-0.1902700537844038,5.64816685,Accra
107,53,"('Koforidua', 'Koforidua', 'Ghana')",1,47.21986671610261,1.7921498875227388,-0.2614572,6.100333999999999,Accra
108,54,"('Lionde', 'Chokwe', 'Mozambique')",1,585.2872087763839,0.20770786623113457,33.1704066,-24.638650199999997,Johannesburg
109,54,"(' Fourways', ' Fourways', 'South Africa')",1,7.320956784990286,-1.6721118402375497,28.003888899999996,-26.005,Johannesburg
110,55,"('Lusaka', 'Lusaka', 'Zambia')",1,1057.2525744477189,1.5024363047692288,28.282153499999996,-15.416448800000001,Johannesburg
111,55,"('Kinshasa', 'Kinshasa', 'Democratic Republic of the Congo')",1,2412.750562183796,-3.0018808261400602,15.312597400000001,-4.3217055,Nairobi
112,56,"('Maamobi', 'Accra', 'Ghana')",1,5.4288025998911404,1.0232942383776316,-0.1969641,5.5905066,Accra
113,56,"('Tamale', 'Tamale', 'Ghana')",1,434.7022239878956,1.7293862176783077,-0.8423985999999999,9.4051992,Accra
114,57,"('Machakos', 'Machakos', 'Kenya')",1,71.4290855789395,-0.0006713596871269718,37.39526976452546,-1.27900465,Nairobi
115,57,"('Nakuru', 'Nakuru', 'Kenya')",1,128.8699386874597,2.3814230183230145,36.0712048,-0.28027240000000003,Nairobi
116,58,"('Madina', 'Accra', 'Ghana')",1,0.0,0.0,-0.16770520000000003,5.6864962,Accra
117,58,"('Bolgatanga', 'Bolgatanga', 'Ghana')",1,572.5551617947525,1.703008214776505,-0.8487322,10.7853963,Accra
118,59,"('Makadara', 'Nairobi', 'Kenya')",1,391.69886243027304,-0.659209315670104,39.67398695424764,-4.0615647500000005,Nairobi
119,59,"('Machakos', 'Machakos', 'Kenya')",1,71.4290855789395,-0.0006713596871269718,37.39526976452546,-1.27900465,Nairobi
120,60,"('Makadara', 'Nairobi', 'Kenya')",1,391.69886243027304,-0.659209315670104,39.67398695424764,-4.0615647500000005,Nairobi
121,60,"('Namaingo', 'Namaingo', 'Uganda')",1,367.9355136047399,2.726216894876912,33.8716691,0.3380554,Nairobi
122,61,"('Makadara', 'Nairobi', 'Kenya')",1,391.69886243027304,-0.659209315670104,39.67398695424764,-4.0615647500000005,Nairobi
123,61,"('Pipeline', 'Nairobi', 'Kenya')",1,120.2137861843948,2.357594969745335,36.14609779999999,-0.32280190000000003,Nairobi
124,62,"('Ndumberi', 'Kiambu', 'Kenya')",1,15.99517893604466,2.4535662015583104,36.805547999999995,-1.1521629999999998,Nairobi
125,62,"('Kinangop', 'Kinangop', 'Kenya')",1,57.292852397929735,2.111333826325069,36.65,-0.7166,Nairobi
126,63,"('Nifa', 'Koforidua', 'Ghana')",1,14.679217130709231,-1.653313256562383,-0.1786468,5.555078599999999,Accra
127,63,"('Ocansey Junction', 'Madina', 'Ghana')",1,0.0,0.0,-0.16770520000000003,5.6864962,Accra
128,64,"('Ngong', 'Nairobi', 'Kenya')",1,11.620528326558226,2.9136417822753,36.65,-1.3666,Nairobi
129,64,"('Awendo', 'Awendo', 'Kenya')",1,248.58017229350835,3.004302297902599,34.53172,-0.9079812,Nairobi
130,65,"('Kongowea', 'Kongowea', 'Kenya')",1,405.55523762061296,-0.624620280080127,39.683868100000005,-4.0422654,Nairobi
131,65,"('Sagana', 'Sagana', 'Kenya')",1,74.3977913781704,0.8185200840548847,37.208151,-0.666531,Nairobi
132,66,"('Takoradi', 'Sekondi', 'Ghana')",1,196.46028988401582,-2.6718743752755616,-1.7519316000000003,4.8874010000000006,Accra
133,66,"('Odumase', 'Odumase', 'Ghana')",1,302.1225281094931,2.4737218147082447,-2.3125567000000005,7.3682977,Accra
134,67,"('Takoradi', 'Takoradi', 'Ghana')",1,184.44404334762532,-2.731075644465247,-1.7519316000000003,4.8874010000000006,Accra
135,67,"('Madina', 'Madina', 'Ghana')",1,0.0,0.0,-0.16770520000000003,5.6864962,Accra
136,68,"('Tamale', 'Tamale', 'Ghana')",1,434.7022239878956,1.7293862176783077,-0.8423985999999999,9.4051992,Accra
137,68,"('Bolgatanga', 'Bolgatanga', 'Ghana')",1,572.5551617947525,1.703008214776505,-0.8487322,10.7853963,Accra
138,69,"('Tamale', 'Tamale', 'Ghana')",1,434.7022239878956,1.7293862176783077,-0.8423985999999999,9.4051992,Accra
139,69,"('Gushiegu', 'Gushiegu', 'Ghana')",1,486.4224002115568,1.5695676279001272,-0.2164706,9.9185016,Accra
140,70,"('Tema', 'Accra', 'Ghana')",1,17.729620306110053,-0.16940640747343985,-0.009659200000000001,5.6596440999999995,Accra
141,70,"('Madina', 'Madina', 'Ghana')",1,0.0,0.0,-0.16770520000000003,5.6864962,Accra
142,71,"('Tema', 'Accra', 'Ghana')",1,17.729620306110053,-0.16940640747343985,-0.009659200000000001,5.6596440999999995,Accra
143,71,"('Nima', 'Accra', 'Ghana')",1,4.530205381275725,0.9523496746252719,-0.1987685,5.5820252,Accra
144,72,"('Tema', 'Accra', 'Ghana')",1,17.729620306110053,-0.16940640747343985,-0.009659200000000001,5.6596440999999995,Accra
145,72,"('Saltpond', 'Saltpond', 'Ghana')",1,112.13798863502019,-2.6410551465956624,-1.057419,5.2030080000000005,Accra
146,73,"('Tembisa', 'Pretoria', 'South Africa')",1,22.97224511455721,-0.40049775626297396,28.2014478,-26.0221753,Johannesburg
147,73,"('Germiston', 'Germiston', 'South Africa')",1,11.206976085850114,1.2748950593209036,28.180556,-26.229444,Johannesburg
148,74,"('Tembisa', 'Pretoria', 'South Africa')",1,22.97224511455721,-0.40049775626297396,28.2014478,-26.0221753,Johannesburg
149,74,"('Hazyview', 'Hazyview', 'South Africa')",1,358.232931421996,0.30798047712541404,31.128355199999998,-25.044172600000003,Johannesburg
150,75,"('Tembisa', 'Pretoria', 'South Africa')",1,22.97224511455721,-0.40049775626297396,28.2014478,-26.0221753,Johannesburg
151,75,"('Hillbrow', 'Johannesburg', 'South Africa')",1,18.67163689361014,2.22625349226423,28.0483333,-26.188055600000002,Johannesburg
152,76,"('Tembisa', 'Pretoria', 'South Africa')",1,22.97224511455721,-0.40049775626297396,28.2014478,-26.0221753,Johannesburg
153,76,"('Maseru', 'Maseru', 'Lesotho')",1,338.3264475438374,-1.7322761148733519,27.478222,-29.310053999999997,Johannesburg
154,77,"('Teshie', 'Accra', 'Ghana')",1,13.06208051854956,-1.0941830615065484,-0.1135104,5.5822343,Accra
155,77,"('Madina', 'Accra', 'Ghana')",1,0.0,0.0,-0.16770520000000003,5.6864962,Accra
156,78,"('Teshie', 'Accra', 'Ghana')",1,13.06208051854956,-1.0941830615065484,-0.1135104,5.5822343,Accra
157,78,"('Makola', 'Ibadan', 'Nigeria')",1,487.2688464919524,0.39608568109299136,3.8972497,7.3777462,Accra
158,79,"('Udhiru', 'Nairobi', 'Kenya')",1,7.292625401689183,-0.05864104130538112,36.8172449,-1.2832533000000002,Nairobi
159,79,"('Nyamira', 'Nyamira', 'Kenya')",1,209.4474298458329,2.8648777352591197,34.93413079992329,-0.65225405,Nairobi
160,80,"('Umoja', 'Nairobi', 'Kenya')",1,94.91145119023108,0.8275371039473393,37.3277619,-0.4900026,Nairobi
161,80,"('Kisii', 'Kisii', 'Kenya')",1,226.95541672778117,2.9221338783085686,34.75398551201732,-0.73894255,Nairobi
162,81,"('Umoja', 'Nairobi', 'Kenya')",1,94.91145119023108,0.8275371039473393,37.3277619,-0.4900026,Nairobi
163,81,"('Kisumu', 'Kisumu', 'Kenya')",1,245.80514193091705,2.6882632231563743,34.7541761,-0.10291089999999999,Nairobi
164,82,"('Umoja', 'Nairobi', 'Kenya')",1,94.91145119023108,0.8275371039473393,37.3277619,-0.4900026,Nairobi
165,82,"('Tororo', 'Tororo', 'Uganda')",1,346.3854634153952,2.573472361472318,34.102686174797185,0.74074215,Nairobi
166,83,"('West  Le', 'Accra', 'Ghana')",1,14.8727744293017,-1.8227598953945459,-0.2012376,5.5571095999999995,Accra
167,83,"('Takoradi', 'Takoradi', 'Ghana')",1,184.44404334762532,-2.731075644465247,-1.7519316000000003,4.8874010000000006,Accra
168,84,"('Westlands', 'Nairobi', 'Kenya')",1,5.722342938947521,0.2159036674984093,36.802009999999996,-1.2647263000000002,Nairobi
169,84,"('Soweto', 'Zulu', 'South Africa')",1,2536.364662897265,-1.8429592391855367,27.89,-26.2227778,Nairobi
170,85,"('Wulensi', 'Tamale', 'Ghana')",1,346.6277788261947,1.4994102452108529,0.001288,8.654739,Accra
171,85,"('Kpassa', 'Kpassa', 'Ghana')",1,332.5698479333934,1.3930033329566551,0.30946640000000003,8.4892994,Accra
172,86,"('Yala', 'Luanda', 'Kenya')",1,270.41029191635124,2.5855477669056475,34.671732899999995,0.16108370000000002,Nairobi
173,86,"('Bondo', 'Bondo', 'Kenya')",1,299.0299726960555,2.7307251149127607,34.2739935,-0.0993654,Nairobi
174,87,"('Yendi', 'Tamale', 'Ghana')",1,434.57316639042193,1.5151293599913636,-0.0035068000000000005,9.446647800000001,Accra
175,87,"('Akim Oda', 'Akim Oda', 'Ghana')",1,94.0948362050589,2.861192986126081,-0.985431,5.9204419999999995,Accra
176,88,"('Yeoville', 'Johannesburg', 'South Africa')",1,1.211691162528875,-0.13563352708369447,28.0641667,-26.1838889,Johannesburg
177,88,"('Bloemfontein', 'Bloemfontein', 'South Africa')",1,355.05923063048886,-2.169773277856956,26.215496,-29.116395,Johannesburg
178,89,"('Yeoville', 'Johannesburg', 'South Africa')",1,1.211691162528875,-0.13563352708369447,28.0641667,-26.1838889,Johannesburg
179,89,"('Bulawayo', 'Bulawayo', 'Zimbabwe')",1,570.003710098564,1.4343560163887097,28.588706300000002,-20.1560599,Johannesburg
180,90,"('Yeoville', 'Johannesburg', 'South Africa')",1,1.211691162528875,-0.13563352708369447,28.0641667,-26.1838889,Johannesburg
181,90,"('Ubundu', 'Ubundu', 'Democratic Republic of the Congo')",1,2580.5476812772217,1.5786236238308287,25.43209,-0.35765399999999997,Johannesburg
182,91,"('Youville', 'Johannesburg', 'South Africa')",1,2.274879769871779,-1.7475468800886256,28.049721999999996,-26.205,Johannesburg
183,91,"('Tema', 'Tema', 'Ghana')",1,17.729620306110053,-0.16940640747343985,-0.009659200000000001,5.6596440999999995,Accra
184,92,"('Youville', 'Johannesburg', 'South Africa')",1,2.274879769871779,-1.7475468800886256,28.049721999999996,-26.205,Johannesburg
185,92,"('Workshop', 'Workshop', 'South Africa')",1,418.82521827055285,-0.9029841688968491,30.35065126187687,-29.6021657,Johannesburg
186,93,"('Tafo', 'Kumasi', 'Ghana')",1,204.6889177728082,2.427616151197906,-1.6092368000000001,6.740245699999999,Accra
187,93,"('Mopti', 'Mopti', 'Mali')",1,1068.617917787095,1.9361596292449,-3.646458060483871,14.514489,Accra
188,94,"('Tafo', 'Koforidua', 'Ghana')",1,204.6889177728082,2.427616151197906,-1.6092368000000001,6.740245699999999,Accra
189,94,"('Ilorin', 'Ilorin', 'Nigeria')",1,607.9098737580146,0.5392642846336613,4.548048400000001,8.496365699999998,Accra
190,95,"('Swedru', 'Akim Oda', 'Ghana')",1,208.98852962449132,2.3883369484312444,-1.601056,6.8333998,Accra
191,95,"('Akim Oda', 'Akim Oda', 'Ghana')",1,94.0948362050589,2.861192986126081,-0.985431,5.9204419999999995,Accra
192,96,"('Ojodu', 'Lagos', 'Nigeria')",1,415.32607165833974,0.2960745315520815,3.369914,6.638598,Accra
193,96,"('Onitsha', 'Onitsha', 'Nigeria')",1,779.5844700542516,0.08500686281264706,6.8019088000000005,6.146161900000001,Accra
194,97,"('Nima', 'Accra', 'Ghana')",1,4.530205381275725,0.9523496746252719,-0.1987685,5.5820252,Accra
195,97,"('Asamankese', 'Accra', 'Ghana')",1,59.3742723904165,2.5164689975253665,-0.657934,5.861010299999999,Accra
196,98,"('Nima', 'Accra', 'Ghana')",1,4.530205381275725,0.9523496746252719,-0.1987685,5.5820252,Accra
197,98,"('Kejetia', 'Kumasi', 'Ghana')",1,201.1069910222033,2.4511662843843216,-1.6245873,6.6997586,Accra
198,99,"('Nima', 'Accra', 'Ghana')",1,4.530205381275725,0.9523496746252719,-0.1987685,5.5820252,Accra
199,99,"('Zogbedji', 'Lome', 'Togo')",1,160.7659622863131,0.31240410346583436,1.215829,6.130419,Accra
200,100,"('Nkwakwa', 'Koforidua', 'Ghana')",1,47.21986671610261,1.7921498875227388,-0.2614572,6.100333999999999,Accra
201,100,"('Accra', 'Accra', 'Ghana')",1,14.8727744293017,-1.8227598953945459,-0.2012376,5.5571095999999995,Accra
202,101,"('Norwood', 'Johannesburg', 'South Africa')",1,1313.8350969324715,-2.4669028387932865,18.578055600000003,-33.9258333,Johannesburg
203,101,"('Zaza', 'Zaza', 'South Africa')",1,22.85846858682719,-0.3294020495874647,28.248486199999995,-26.257569,Johannesburg
204,102,"('Nsawam', 'Accra', 'Ghana')",1,32.54791991962211,2.0028900457350134,-0.34578600000000004,5.814382,Accra
205,102,"('Bawah Barracks', 'Tamale', 'Ghana')",1,434.7022239878956,1.7293862176783077,-0.8423985999999999,9.4051992,Accra
206,103,"('Nungua', 'Accra', 'Ghana')",1,13.554746662189745,-0.7696064313753559,-0.0796664,5.601766099999999,Accra
207,103,"('Teshie', 'Accra', 'Ghana')",1,13.06208051854956,-1.0941830615065484,-0.1135104,5.5822343,Accra
208,104,"('Nyamasaria', 'Kisumu', 'Kenya')",1,258.10593041020763,2.721753874492329,34.78715220000001,-0.1167143,Nairobi
209,104,"('Mumias', 'Mumias', 'Kenya')",1,305.91380579620886,2.639552781141695,34.4891,0.3363,Nairobi
210,105,"('Nyawita', 'Kisumu', 'Kenya')",1,260.3648148389514,2.8914343316084565,34.6413034,-0.5631529000000001,Nairobi
211,105,"('Kisii', 'Kisii', 'Kenya')",1,226.95541672778117,2.9221338783085686,34.75398551201732,-0.73894255,Nairobi
212,106,"('Nyeri', 'Nyeri', 'Kenya')",1,75.52818053056549,1.5152684267138155,36.9517005,-0.41929620000000006,Nairobi
213,106,"('Gakoye', 'Kiambu', 'Kenya')",1,23.691418564877555,2.063757248081799,36.81568670212906,-1.03207695,Nairobi
214,107,"('Obiobete', 'Delta', 'Nigeria')",1,701.967240250525,-0.02515275477397974,6.1784167000000005,5.5273061,Accra
215,107,"('Delta', 'Delta', 'Nigeria')",1,701.967240250525,-0.02515275477397974,6.1784167000000005,5.5273061,Accra
216,108,"('Odorkor', 'Accra', 'Ghana')",1,16.21154675430956,-2.2943545535109786,-0.2647703,5.5773514,Accra
217,108,"('Sampaya', 'Tema', 'Ghana')",1,17.729620306110053,-0.16940640747343985,-0.009659200000000001,5.6596440999999995,Accra
218,109,"('Old Fadama', 'Accra', 'Ghana')",1,0.0,0.0,-0.22252159999999999,5.5488671,Accra
219,109,"('Enugu', 'Enugu', 'Nigeria')",1,3362.2355042901117,2.870010347136417,7.4143061,6.5536094,Nairobi
220,110,"('Sunyani', 'Sunyani', 'Ghana')",1,301.68249917309555,2.486538504973196,-2.3309226,7.338438900000001,Accra
221,110,"('Abura', 'Cape Coast', 'Ghana')",1,78.6469167987985,-2.5802655437044133,-0.7698124,5.3103937000000005,Accra
222,111,"('Ongata Rongai', 'Nairobi', 'Kenya')",1,0.0,3.141592653589793,36.752010600000006,-1.395968,Nairobi
223,111,"('Nyabiheke', 'Mutara', 'Rwanda')",1,720.1447109247913,-3.1147212083098514,30.26135936829677,-1.5966056,Nairobi
224,112,"('Parktown', 'Johannesburg', 'South Africa')",1,2.832589843696165,3.122306632290938,28.0277778,-26.181666699999997,Johannesburg
225,112,"('Malvern', 'Johannesburg', 'South Africa')",1,5.707028501467533,-0.33633624487445146,28.101944399999997,-26.2013889,Johannesburg
226,113,"('Queenstown', 'Queenstown', 'South Africa')",1,579.2271062032759,-1.7744359775406708,26.8776814,-31.892843,Johannesburg
227,113,"('Johannesburg', 'Johannesburg', 'South Africa')",1,27.295223745866362,-1.4101209171402702,28.049721999999996,-26.205,Johannesburg
228,114,"('Riis Junction', 'Accra', 'Ghana')",1,2.5260002562775066,0.37174348866048973,-0.2012376,5.5571095999999995,Accra
229,114,"('Millionaire', 'Yamoussoukro', ""Côte d'Ivoire"")",1,575.7986469798013,2.8962064584374767,-5.273263,6.809107000000001,Accra
230,115,"('Roman Ridge', 'Accra', 'Ghana')",1,9.614724966092894,-1.9181839082908774,-0.1973074,5.6052845,Accra
231,115,"('Tema', 'Tema', 'Ghana')",1,17.729620306110053,-0.16940640747343985,-0.009659200000000001,5.6596440999999995,Accra
232,116,"('Rosetenville', 'Johannesburg', 'South Africa')",1,27.295223745866362,-1.4101209171402702,28.049721999999996,-26.205,Johannesburg
233,116,"('Alexander', 'Johannesburg', 'South Africa')",1,832.2645250660673,-1.891354713665151,25.420451500000002,-33.78455170000001,Johannesburg
234,117,"('Rosetenville', 'Johannesburg', 'South Africa')",1,27.295223745866362,-1.4101209171402702,28.049721999999996,-26.205,Johannesburg
235,117,"('nan', 'Zandamela', 'Mozambique')",1,740.9873252407153,0.14741913833404746,34.616054600000005,-24.7467846,Johannesburg
236,118,"('Ruiru', 'Thika', 'Kenya')",1,11.625197500493748,1.1419130152329247,36.96044860000001,-1.1472712,Nairobi
237,118,"('Namaingo', 'Namaingo', 'Uganda')",1,367.9355136047399,2.726216894876912,33.8716691,0.3380554,Nairobi
238,119,"('Ruiru', 'Thika', 'Kenya')",1,11.625197500493748,1.1419130152329247,36.96044860000001,-1.1472712,Nairobi
239,119,"('nan', 'Kangema', 'Kenya')",1,52.03895730738191,1.466702241493541,36.9642477,-0.6847865,Nairobi
240,120,"('Sandton', 'Johannesburg', 'South Africa')",1,11.221861775045145,1.6231756301860636,28.047984399999997,-26.068240600000003,Johannesburg
241,120,"('Lusaka', 'Lusaka', 'Zambia')",1,1057.2525744477189,1.5024363047692288,28.282153499999996,-15.416448800000001,Johannesburg
242,121,"('Savelugu', 'Tamale', 'Ghana')",1,458.72824217006377,1.7170174999497003,-0.8258943000000001,9.6260647,Accra
243,121,"('Tamale', 'Tamale', 'Ghana')",1,434.7022239878956,1.7293862176783077,-0.8423985999999999,9.4051992,Accra
244,122,"('Soweto', 'Johannesburg', 'South Africa')",1,31.674956266021496,-2.005141937695229,27.89,-26.2227778,Johannesburg
245,122,"('Polokwane', 'Polokwane', 'South Africa')",1,254.92029542832952,0.8798581122642302,29.461388899999996,-23.9058333,Johannesburg
246,123,"('Korle Gonno', 'Accra', 'Ghana')",1,1.9462542993039194,-1.9464452323413157,-0.22897910000000002,5.5326026,Accra
247,123,"('Maryland', 'Lagos', 'Nigeria')",1,413.26390660245676,0.2792383875356806,3.3699482000000005,6.5731894,Accra
248,124,"('Komarock', 'Nairobi', 'Kenya')",1,1.3748901169327206,-2.9858586960056392,36.90470632975543,-1.268377,Nairobi
249,124,"('Ngaramtoni', 'Ngaramtoni', 'Tanzania')",1,185.39205905011914,-1.726746794422628,36.6397893,-3.3140207000000004,Nairobi
250,125,"('Kondele', 'Kisumu', 'Kenya')",1,244.5734555748184,2.6782025733834924,34.773786,-0.08441799999999999,Nairobi
251,125,"('Rongo', 'Rongo', 'Kenya')",1,242.94453382879578,2.9436228386937437,34.603644200000005,-0.7576606,Nairobi
252,126,"('Bibiani', 'Sefwi Wiawso', 'Ghana')",1,252.28856496271058,2.7968113147866775,-2.314959,6.4529440000000005,Accra
253,126,"('La', 'Accra', 'Ghana')",1,14.099548506676463,-1.4917921981081894,-0.15764129999999998,5.5602324,Accra
254,127,"('Bronx', 'New York', 'United States')",1,8518.960578134205,2.9758284402560458,-73.87859370000001,40.8466508,Accra
255,127,"('Gbagemey', 'Cotonou', 'Benin')",1,296.56883694879787,0.2584193236349396,2.4252507000000003,6.3676953,Accra
256,128,"('Bujamana', 'Kigali', 'Rwanda')",1,763.0140806216176,-3.0547274153901247,30.061507000000002,-1.950851,Nairobi
257,128,"('Kigoma', 'Kigoma', 'Tanzania')",1,823.7363326801564,-2.7505756223060662,30.0050533,-4.512657099999999,Nairobi
258,129,"('Bungeni', 'Giyani', 'South Africa')",1,359.26991596559293,0.8283968587108067,30.174432799999998,-23.182851199999998,Johannesburg
259,129,"('Mkhomi', 'Malamulele', 'South Africa')",1,411.7340018552435,0.7495319745447733,30.698454499999997,-23.0037093,Johannesburg
260,130,"('Buruburu', 'Nairobi', 'Kenya')",1,14.429865477150676,-0.09855088789653793,36.88104001390165,-1.29438875,Nairobi
261,130,"('Gbarnga', 'Gbarnga', 'Liberia')",1,5189.024820927307,2.9448498806778884,-9.470905,6.996269,Nairobi
262,131,"('Buruburu', 'Nairobi', 'Kenya')",1,14.429865477150676,-0.09855088789653793,36.88104001390165,-1.29438875,Nairobi
263,131,"('Rabuor', 'Rabuor', 'Kenya')",1,279.3582121490707,2.8954257649658777,34.4727131,-0.5251932,Nairobi
264,132,"('Buruburu', 'Nairobi', 'Kenya')",1,14.429865477150676,-0.09855088789653793,36.88104001390165,-1.29438875,Nairobi
265,132,"('Tom Mboya', 'Kisumu', 'Kenya')",1,12.89686161329353,0.902010691117565,36.8240141,-1.2825521,Nairobi
266,133,"('Cape Coast', 'Cape Coast', 'Ghana')",1,135.2528069705219,-2.644940392393452,-1.2430793,5.107467,Accra
267,133,"('Tema', 'Accra', 'Ghana')",1,17.729620306110053,-0.16940640747343985,-0.009659200000000001,5.6596440999999995,Accra
268,134,"('Chatwell', 'Johannesburg', 'South Africa')",1,27.295223745866362,-1.4101209171402702,28.049721999999996,-26.205,Johannesburg
269,134,"('Brits', 'Brits', 'South Africa')",1,38.847842607839546,2.27176464340548,27.7841667,-25.629722199999996,Johannesburg
270,135,"('Chorkor', 'Accra', 'Ghana')",1,2.829491162505022,-2.129840259636221,-0.23609339999999998,5.5273187,Accra
271,135,"('Koforidua', 'Koforidua', 'Ghana')",1,47.21986671610261,1.7921498875227388,-0.2614572,6.100333999999999,Accra
272,136,"('Christian Village', 'Accra', 'Ghana')",1,7.973234242498999,-2.3992869729914617,-0.220842,5.638078299999999,Accra
273,136,"('Accra', 'Accra', 'Ghana')",1,14.8727744293017,-1.8227598953945459,-0.2012376,5.5571095999999995,Accra
274,137,"('Cosmo City', 'Randburg', 'South Africa')",1,12.585987666408725,-2.349937101900378,27.9307566,-26.021935,Johannesburg
275,137,"('Rustenburg', 'Rustenburg', 'South Africa')",1,120.69496192415635,2.55653603078369,27.241448,-25.665654999999997,Johannesburg
276,138,"('Dagoretti', 'Nairobi', 'Kenya')",1,7.4651539711496255,-3.0067315618068284,36.684982899999994,-1.2896931,Nairobi
277,138,"('Nanyuki', 'Rumuruti', 'Kenya')",1,120.62504461626784,1.2623283955414353,37.074632,0.01403,Nairobi
278,139,"('Dandora', 'Nairobi', 'Kenya')",1,2.743432025988959,2.559895668655589,36.8962891457452,-1.2490727499999998,Nairobi
279,139,"('Muthaiga', 'Nairobi', 'Kenya')",1,9.705623696322416,3.022802716517498,36.8301036,-1.2530907,Nairobi
280,140,"('Danfa', 'Accra', 'Ghana')",1,11.598937145818597,1.4867234450935924,-0.1588963,5.7903236,Accra
281,140,"('Onitsha', 'Anambra', 'Nigeria')",1,772.3844969729311,0.06599519275229299,6.8019088000000005,6.146161900000001,Accra
282,141,"('Dansoman', 'Accra', 'Ghana')",1,4.775430059489625,-3.093649952734109,-0.2656595,5.5468112000000005,Accra
283,141,"('Lagos', 'Lagos', 'Nigeria')",1,412.4315844660987,0.24682351088330887,3.3941795,6.4550575,Accra
284,142,"('Dansoman', 'Accra', 'Ghana')",1,4.775430059489625,-3.093649952734109,-0.2656595,5.5468112000000005,Accra
285,142,"('Water Bolt~ Polosa Street', 'Auchi', 'Nigeria')",1,737.2419155234126,0.23045478562487282,6.267666,7.067444999999999,Accra
286,143,"('Darkuman', 'Accra', 'Ghana')",1,14.199086279043227,-2.2867126390900263,-0.251983,5.5902579,Accra
287,143,"('Kpandai', 'Kpandai', 'Ghana')",1,325.2974589270165,1.4992377793927625,-0.011985299999999999,8.4635789,Accra
288,144,"('Diepsloot', 'Randburg', 'South Africa')",1,0.0,3.141592653589793,28.010590500000003,-25.930950199999998,Johannesburg
289,144,"('Louis Trichardt', 'Louis Trichardt', 'South Africa')",1,351.64022293383266,0.9182029107806158,29.906665000000004,-23.038326,Johannesburg
290,145,"('Dk', 'Eldoret', 'Kenya')",1,238.3452154856352,2.3212654856077206,35.271548100000004,0.5198329,Nairobi
291,145,"('Kimilili', 'Kimilili', 'Kenya')",1,299.7626681374419,2.412721939770304,34.7166,0.7833,Nairobi
292,146,"('Dodowa', 'Accra', 'Ghana')",1,23.54755881399215,1.2078037103456225,-0.092089,5.884244,Accra
293,146,"('Madina', 'Madina', 'Ghana')",1,0.0,0.0,-0.16770520000000003,5.6864962,Accra
294,147,"('Dodowa', 'Accra', 'Ghana')",1,23.54755881399215,1.2078037103456225,-0.092089,5.884244,Accra
295,147,"('Somanya', 'Somanya', 'Ghana')",1,49.54080845145773,1.222594637728342,-0.014830000000000001,6.104821,Accra
296,148,"('Dome', 'Accra', 'Ghana')",1,7.99421128150076,-2.694112226798355,-0.232884,5.6554227,Accra
297,148,"('Godomey', 'Cotonou', 'Benin')",1,288.33806571437987,0.27308800180984055,2.3432407000000004,6.385443799999999,Accra
298,149,"('Donholm', 'Nairobi', 'Kenya')",1,18.982630361471355,0.5138660916498663,36.900927200000005,-1.2912763,Nairobi
299,149,"('Kasarani', 'Nairobi', 'Kenya')",1,17.376444033583642,0.2998680691897761,36.9012224,-1.2208721000000002,Nairobi
300,150,"('Dosso', 'Niamey', 'Niger')",1,948.3202170320216,1.1118961967007635,3.621398,13.333699300000001,Accra
301,150,"('Takoradi', 'Sekondi', 'Ghana')",1,196.46028988401582,-2.6718743752755616,-1.7519316000000003,4.8874010000000006,Accra
302,151,"('Dukathole', 'Johannesburg', 'South Africa')",1,155.2529876869812,-0.7443936542973979,29.1771381,-27.4199441,Johannesburg
303,151,"('Paris', 'Paris', 'France')",1,8441.67187403572,1.6561581831029684,2.3200410217200766,48.858889700000006,Johannesburg
304,152,"('Durban', 'Durban', 'South Africa')",1,465.7122299574346,-0.8075893573286347,31.009909000000004,-29.861825,Johannesburg
305,152,"('Braamfisher', 'Johannesburg', 'South Africa')",1,27.295223745866362,-1.4101209171402702,28.049721999999996,-26.205,Johannesburg
306,153,"('Eldoret', 'Eldoret', 'Kenya')",1,230.75752682606296,2.353386183866443,35.271548100000004,0.5198329,Nairobi
307,153,"('Nakuru', 'Nakuru', 'Kenya')",1,128.8699386874597,2.3814230183230145,36.0712048,-0.28027240000000003,Nairobi
308,154,"('Bronkhorstspruit', 'Pretoria', 'South Africa')",1,81.88202015228255,0.14713986557293895,28.741389,-25.808056,Johannesburg
309,154,"('Thembisa', 'Johannesburg', 'South Africa')",1,1330.3895268257347,-2.4454469651166018,18.564914899999998,-33.9805475,Johannesburg
310,155,"('Betrams', 'Johannesburg', 'South Africa')",1,17.281376831528767,2.278070464847386,28.049721999999996,-26.205,Johannesburg
311,155,"('nan', 'eMnambithi', 'South Africa')",1,271.1820318693481,-0.8377725069276881,29.772379712672578,-28.422395,Johannesburg
312,156,"('Abidjan', 'Abidjan', ""Côte d'Ivoire"")",1,420.2494988202242,-3.0811297979571033,-4.016107,5.320357,Accra
313,156,"('Agbor', 'Benin City', 'Nigeria')",1,712.5905424416119,0.11056364609556484,6.182193,6.2578135,Accra
314,157,"('Bedfordview', 'Johannesburg', 'South Africa')",1,9.89815972329499,0.05792374657468376,28.1425,-26.1763889,Johannesburg
315,157,"('Louis Trichardt', 'Louis Trichardt', 'South Africa')",1,351.64022293383266,0.9182029107806158,29.906665000000004,-23.038326,Johannesburg
316,158,"('Aboabo', 'Kumasi', 'Ghana')",1,63.43404175856044,1.5926486190007274,-0.2350455,6.1185735,Accra
317,158,"('Techiman', 'Techiman', 'Ghana')",1,295.409324862372,2.2675241526044863,-1.9364009999999998,7.584971,Accra
318,159,"('Abossey Okai', 'Accra', 'Ghana')",1,2.435344713200267,2.565825446830804,-0.24099520000000002,5.5607788000000005,Accra
319,159,"('Amasaman', 'Accra', 'Ghana')",1,19.160834839826716,2.0283156910880793,-0.2990647,5.703291,Accra
320,160,"('Aburi', 'Accra', 'Ghana')",1,17.93956945530044,1.617422424761326,-0.1752664,5.8474757,Accra
321,160,"('Oyibi', 'Accra', 'Ghana')",1,15.117567931312637,1.224832227335591,-0.121343,5.814253400000001,Accra
322,161,"('Aburi', 'Koforidua', 'Ghana')",1,17.93956945530044,1.617422424761326,-0.1752664,5.8474757,Accra
323,161,"('Lewis Face One', 'Lagos', 'Nigeria')",1,403.03251865193226,0.21366811924155849,3.3941795,6.4550575,Accra
324,162,"('Achimota', 'Accra', 'Ghana')",1,9.595195146110482,-2.3338813862963224,-0.2276807,5.6242019,Accra
325,162,"('Accra New Town', 'Accra', 'Ghana')",1,12.255660788986606,-1.9698271895760187,-0.2107677,5.5850503,Accra
326,163,"('Adabraka', 'Accra', 'Ghana')",1,2.4564368464493174,0.920524026625745,-0.20907240000000002,5.566430400000001,Accra
327,163,"('Abia', 'Lagos', 'Nigeria')",1,855.7171772208777,-0.01226086998820213,7.515307099999999,5.4540953000000005,Accra
328,164,"('Adabraka', 'Accra', 'Ghana')",1,2.4564368464493174,0.920524026625745,-0.20907240000000002,5.566430400000001,Accra
329,164,"('Kokomlemle', 'Accra', 'Ghana')",1,13.166296846047965,-1.9238263552940846,-0.20887310000000003,5.5755147,Accra
330,165,"('Adabraka', 'Kumasi', 'Ghana')",1,14.126637134028165,-1.9005385460416064,-0.20907240000000002,5.566430400000001,Accra
331,165,"('Ashanti Mampong', 'Ashanti Mampong', 'Ghana')",1,194.7759682001657,2.517581862324769,-1.5971236,6.709127400000001,Accra
332,166,"('Aflao', 'Ho', 'Ghana')",1,157.70555973769916,0.30801731679815303,1.1914021000000001,6.116047099999999,Accra
333,166,"('Dakar', 'Dakar', 'Senegal')",1,2151.068058676388,2.6731165623826008,-17.447938,14.693425,Accra
334,167,"('Afrancho', 'Kumasi', 'Ghana')",1,276.6690808667218,2.3744381508065007,-1.9685878,7.412288900000001,Accra
335,167,"('Tanoso', 'Tanoso', 'Ghana')",1,289.78484714171503,2.484216422478346,-2.2419219,7.2780145,Accra
336,168,"('Agbara', 'Lagos', 'Nigeria')",1,382.5250440140278,0.2816150350476231,3.1004891,6.5046932,Accra
337,168,"('Agbara', 'Agbara', 'Nigeria')",1,382.5250440140278,0.2816150350476231,3.1004891,6.5046932,Accra
338,169,"('Ahero', 'Kisumu', 'Kenya')",1,231.48037687585344,2.6374243302354152,34.919004,-0.172399,Nairobi
339,169,"('Kisumu', 'Kisumu', 'Kenya')",1,245.80514193091705,2.6882632231563743,34.7541761,-0.10291089999999999,Nairobi
340,170,"('Airport Residential Area', 'Accra', 'Ghana')",1,8.33326259062384,-1.778765494764811,-0.1832656,5.6132499000000005,Accra
341,170,"('Bolgatanga', 'Bolgatanga', 'Ghana')",1,572.5551617947525,1.703008214776505,-0.8487322,10.7853963,Accra
342,171,"('Apirede', 'Accra', 'Ghana')",1,40.0383195009323,1.3250989616500366,-0.0796294,6.0353651,Accra
343,171,"('Adenta', 'Adenta', 'Ghana')",1,1.967693780863146,1.6321607381661996,-0.1687965,5.7041391,Accra
344,172,"('Asawase', 'Kumasi', 'Ghana')",1,198.97409737634808,2.441930471157612,-1.5990742,6.700224799999999,Accra
345,172,"('Banfora', 'Banfora', 'Burkina Faso')",1,758.0865618015847,2.2963577979987386,-4.752639,10.642703,Accra
346,173,"('Asawase', 'Kumasi', 'Ghana')",1,198.97409737634808,2.441930471157612,-1.5990742,6.700224799999999,Accra
347,173,"('Chereponi', 'Tamale', 'Ghana')",1,513.7933509145772,1.4603318143546236,0.2898853,10.1362175,Accra
348,174,"('Ashaiman', 'Accra', 'Ghana')",1,26.79182292568494,0.6492950208847211,-0.029529000000000003,5.694385,Accra
349,174,"('Tongo', 'Bolgatanga', 'Ghana')",1,563.3673763760206,1.6961098124939398,-0.8030292,10.7080154,Accra
350,175,"('Ashaiman', 'Accra', 'Ghana')",1,26.79182292568494,0.6492950208847211,-0.029529000000000003,5.694385,Accra
351,175,"('Yawkyerema', 'Koforidua', 'Ghana')",1,47.21986671610261,1.7921498875227388,-0.2614572,6.100333999999999,Accra
352,176,"('Ashaiman', 'Tema', 'Ghana')",1,15.303950420124467,0.05741397193946664,-0.029529000000000003,5.694385,Accra
353,176,"('Maradi', 'Maradi', 'Niger')",1,1182.9322722251634,0.8208643255965683,7.1025339999999995,13.501206,Accra
354,177,"('Ashiyie', 'Accra', 'Ghana')",1,6.434878967364459,1.3227922542491097,-0.15342,5.7425333,Accra
355,177,"('Adenta', 'Accra', 'Ghana')",1,1.967693780863146,1.6321607381661996,-0.1687965,5.7041391,Accra
356,178,"('Asokwa', 'Kumasi', 'Ghana')",1,198.59183940146053,2.4503358077761357,-1.6061047,6.686499799999999,Accra
357,178,"('Tamale', 'Tamale', 'Ghana')",1,434.7022239878956,1.7293862176783077,-0.8423985999999999,9.4051992,Accra
358,179,"('Asylum Down', 'Accra', 'Ghana')",1,4.005570904856971,1.3533708701083542,-0.2025493,5.5709323,Accra
359,179,"('Adabraka', 'Accra', 'Ghana')",1,2.4564368464493174,0.920524026625745,-0.20907240000000002,5.566430400000001,Accra
360,180,"('Attredgville', 'Pretoria', 'South Africa')",1,26.774383133814048,0.7457256631437085,28.187944399999996,-25.7459374,Johannesburg
361,180,"('Groonkloof', 'Pretoria', 'South Africa')",1,26.774383133814048,0.7457256631437085,28.187944399999996,-25.7459374,Johannesburg
362,181,"('Bamburi', 'Mombasa', 'Kenya')",1,406.2648417840899,-0.6120875328893701,39.7166,-4.0,Nairobi
363,181,"('Kisii', 'Kisii', 'Kenya')",1,226.95541672778117,2.9221338783085686,34.75398551201732,-0.73894255,Nairobi
364,182,"('Banda', 'Techiman', 'Ghana')",1,290.68044899408505,1.5422181932502224,-0.0924395,8.2966595,Accra
365,182,"('Teshie', 'Teshie', 'Ghana')",1,13.06208051854956,-1.0941830615065484,-0.1135104,5.5822343,Accra
366,183,"('Bantama', 'Kumasi', 'Ghana')",1,202.36362080969496,2.4524654168613487,-1.63486,6.7051319000000005,Accra
367,183,"('Niamey', 'Niamey', 'Niger')",1,925.4264337394519,1.289201751064207,2.109823,13.524834,Accra
368,184,"('Bayas', 'Accra', 'Ghana')",1,14.8727744293017,-1.8227598953945459,-0.2012376,5.5571095999999995,Accra
369,184,"('Abuja', 'Abuja', 'Ghana')",1,138.66441978793173,-2.6707940178504614,-1.2852837842692306,5.12136885,Accra
370,185,"('Embakasi', 'Nairobi', 'Kenya')",1,16.34701025941965,0.39898289884122484,36.88772400161075,-1.3247280000000001,Nairobi
371,185,"(""Lang'Ata"", 'Nairobi', 'Kenya')",1,7.013115918599619,1.2203863419706782,36.773682,-1.3221851999999998,Nairobi
372,186,"('Fafarol', 'Eldoret', 'Kenya')",1,230.75752682606296,2.353386183866443,35.271548100000004,0.5198329,Nairobi
373,186,"('Awendo', 'Awendo', 'Kenya')",1,248.58017229350835,3.004302297902599,34.53172,-0.9079812,Nairobi
374,187,"('Freedom Park', 'Johannesburg', 'South Africa')",1,93.17506203668046,2.7367727754114464,27.237224937909737,-25.56045235,Johannesburg
375,187,"('Nellmapius', 'Pretoria', 'South Africa')",1,1302.1639294592346,-2.4325240296529387,18.8603573,-33.9470776,Johannesburg
376,188,"('Gachie', 'Kiambu', 'Kenya')",1,16.07873767264404,1.4719850796423484,36.766169,-1.21676,Nairobi
377,188,"('Bomet', 'Kericho', 'Kenya')",1,178.54801142237298,2.7895274227476032,35.23963843035895,-0.7196054000000001,Nairobi
378,189,"('Kasoa', 'Accra', 'Ghana')",1,34.40201694617115,-2.6202342142213193,-0.43749099999999996,5.532573,Accra
379,189,"('Anyinam', 'Anyinam', 'Ghana')",1,87.34838422456122,2.0700792859501176,-0.5459096999999999,6.3753991999999995,Accra
380,190,"('Kasoa', 'Accra', 'Ghana')",1,34.40201694617115,-2.6202342142213193,-0.43749099999999996,5.532573,Accra
381,190,"('Madina', 'Accra', 'Ghana')",1,0.0,0.0,-0.16770520000000003,5.6864962,Accra
382,191,"('Kasoa', 'Accra', 'Ghana')",1,34.40201694617115,-2.6202342142213193,-0.43749099999999996,5.532573,Accra
383,191,"('Mamprobi', 'Accra', 'Ghana')",1,18.607138160910726,-2.016667527105792,-0.24027310000000002,5.5356856,Accra
384,192,"('Kasoa', 'Accra', 'Ghana')",1,34.40201694617115,-2.6202342142213193,-0.43749099999999996,5.532573,Accra
385,192,"('Tabora', 'Accra', 'Ghana')",1,13.563462455295333,-2.397541081035108,-0.25795250000000003,5.6039745000000005,Accra
386,193,"('Katoi', 'Goma', 'Democratic Republic of the Congo')",1,2176.001423002862,-2.967193935708111,17.359804500000003,-4.7644282,Nairobi
387,193,"('Bujumbura', 'Bujumbura', 'Burundi')",1,841.7131502148305,-2.8979959032040647,29.3675028,-3.3638125,Nairobi
388,194,"('Kayole', 'Nairobi', 'Kenya')",1,0.0,3.141592653589793,36.916945500000004,-1.2659842,Nairobi
389,194,"('Uvira', 'Uvira', 'Democratic Republic of the Congo')",1,895.5754022189934,-2.9291268188875375,29.00714088737295,-3.1982504,Nairobi
390,195,"('Kegogi', 'Kisii', 'Kenya')",1,239.8952177090646,2.8592591298544376,34.83821631112455,-0.5354486999999999,Nairobi
391,195,"('Rarieda Siaya', 'Bondo', 'Kenya')",1,311.70714166443304,2.7896033295344784,34.2739935,-0.0993654,Nairobi
392,196,"('Kejetia', 'Kumasi', 'Ghana')",1,201.1069910222033,2.4511662843843216,-1.6245873,6.6997586,Accra
393,196,"('Tamale', 'Tamale', 'Ghana')",1,434.7022239878956,1.7293862176783077,-0.8423985999999999,9.4051992,Accra
394,197,"('Kempton Park', 'Johannesburg', 'South Africa')",1,21.685334781943464,0.39875116576656977,28.233632500000002,-26.0964372,Johannesburg
395,197,"('Bangou', 'Bangou', 'Cameroon')",1,3820.2909030689584,1.9984938332041535,10.3967165,5.2497379,Johannesburg
396,198,"('Kericho', 'Kericho', 'Kenya')",1,182.48463065657063,2.6696406100243624,35.2833,-0.3666,Nairobi
397,198,"('Mumias', 'Mumias', 'Kenya')",1,305.91380579620886,2.639552781141695,34.4891,0.3363,Nairobi
398,199,"('Kericho', 'Kericho', 'Kenya')",1,182.48463065657063,2.6696406100243624,35.2833,-0.3666,Nairobi
399,199,"('Pumwani', 'Nairobi', 'Kenya')",1,358.79075742427807,0.018690081248837094,39.9833,-1.2,Nairobi
400,200,"('Keshero', 'Goma', 'Democratic Republic of the Congo')",1,840.9495072723074,-3.1113093750040033,29.172544687419148,-1.6569658,Nairobi
401,200,"('Minembwe', 'Minembwe', 'Democratic Republic of the Congo')",1,941.5691652102628,-2.8601212555971314,28.730059899999997,-3.9344201,Nairobi
402,201,"('Khuma', 'Potchefstroom', 'South Africa')",1,147.12609531981172,-2.673090717019219,26.8670544,-26.8507289,Johannesburg
403,201,"('Witbank', 'Witbank', 'South Africa')",1,130.66953587159796,0.2296728359856268,29.201044699999997,-25.8763485,Johannesburg
404,202,"('Kiambu', 'Kiambu', 'Kenya')",1,23.691418564877555,2.063757248081799,36.81568670212906,-1.03207695,Nairobi
405,202,"('Wote', 'Wote', 'Kenya')",1,103.14205922165945,-0.3351943640924515,37.62903529999999,-1.7803167000000002,Nairobi
406,203,"('Kibera', 'Nairobi', 'Kenya')",1,142.2109568016456,2.793366988746668,35.5461023442806,-0.86084755,Nairobi
407,203,"('Kakamega', 'Kakamega', 'Kenya')",1,269.3386015035923,2.4945118495864844,34.80154886163461,0.49571040000000005,Nairobi
408,204,"('Kibuye', 'Kibuye', 'Rwanda')",1,823.1082658140361,-3.061759928883619,29.3520117,-2.0700719,Nairobi
409,204,"('Bwiza', 'Bwiza', 'Burundi')",1,839.3258937074764,-2.91020331038382,29.3689249,-3.3731287000000005,Nairobi
410,205,"('Kigacho', 'Kiambu', 'Kenya')",1,23.691418564877555,2.063757248081799,36.81568670212906,-1.03207695,Nairobi
411,205,"('Kiambu', 'Kiambu', 'Kenya')",1,23.691418564877555,2.063757248081799,36.81568670212906,-1.03207695,Nairobi
412,206,"('Kigali', 'Kigali', 'Rwanda')",1,763.0140806216176,-3.0547274153901247,30.061507000000002,-1.950851,Nairobi
413,206,"('Bukavu', 'Bukavu', 'Democratic Republic of the Congo')",1,903.9670414077232,-3.006390465001477,28.8336436,-2.51039075,Nairobi
414,207,"('Kileleshwa', 'Nairobi', 'Kenya')",1,5.359762111717815,0.10234825262588267,36.799687799999994,-1.2723271,Nairobi
415,207,"('Nyali', 'Nairobi', 'Kenya')",1,407.69665078987174,-0.6237300528952777,39.7011566,-4.0541085,Nairobi
416,208,"('Kimbo', 'Kiambu', 'Kenya')",1,1.9925875782552898,-1.5962788374095982,36.75118340488738,-1.30076905,Nairobi
417,208,"('Bungoma', 'Bungoma', 'Kenya')",1,292.6090764245548,2.4400610760694668,34.71916810731902,0.78292445,Nairobi
418,209,"('Kimbo', 'Thika', 'Kenya')",1,1.9925875782552898,-1.5962788374095982,36.75118340488738,-1.30076905,Nairobi
419,209,"('Bujumbura', 'Bujumbura', 'Burundi')",1,841.7131502148305,-2.8979959032040647,29.3675028,-3.3638125,Nairobi
420,210,"('Kiritiri', 'Embu', 'Kenya')",1,112.83545243319182,0.4841894592386766,37.65,-0.6833,Nairobi
421,210,"('Kisii', 'Kisii', 'Kenya')",1,226.95541672778117,2.9221338783085686,34.75398551201732,-0.73894255,Nairobi
422,211,"('Kisii', 'Kisii', 'Kenya')",1,226.95541672778117,2.9221338783085686,34.75398551201732,-0.73894255,Nairobi
423,211,"('Siaya', 'Siaya', 'Kenya')",1,303.89854685398416,2.763088603861669,34.20013500999629,-0.06040135,Nairobi
424,212,"('Kitengela', 'Nairobi', 'Kenya')",1,24.02364293469836,-0.2956567072002055,36.959070000000004,-1.474564,Nairobi
425,212,"('Uvira', 'Uvira', 'Democratic Republic of the Congo')",1,895.5754022189934,-2.9291268188875375,29.00714088737295,-3.1982504,Nairobi
426,213,"('Klerksdorp', 'Klerksdorp', 'South Africa')",1,172.56200597093397,-2.834515940136194,26.6656814,-26.862538300000004,Johannesburg
427,213,"('Tzaneen', 'Tzaneen', 'South Africa')",1,330.29706030942737,0.8200131926681239,30.161111100000003,-23.831944399999998,Johannesburg
428,214,"('Koforidua', 'Koforidua', 'Ghana')",1,47.21986671610261,1.7921498875227388,-0.2614572,6.100333999999999,Accra
429,214,"('Asesewa', 'Koforidua', 'Ghana')",1,79.13578366814889,1.5352808364566106,-0.1422805,6.3969389,Accra
430,215,"('Kokomlemle', 'Accra', 'Ghana')",1,13.166296846047965,-1.9238263552940846,-0.20887310000000003,5.5755147,Accra
431,215,"('Alakple', 'Ho', 'Ghana')",1,118.49597655621761,0.16997818820076802,0.8884905999999999,5.866573799999999,Accra
432,216,"('Kasarani', 'Nairobi', 'Kenya')",1,17.376444033583642,0.2998680691897761,36.9012224,-1.2208721000000002,Nairobi
433,216,"('Uvira', 'Uvira', 'Democratic Republic of the Congo')",1,895.5754022189934,-2.9291268188875375,29.00714088737295,-3.1982504,Nairobi
434,217,"('Kasarani', 'Nairobi', 'Kenya')",1,17.376444033583642,0.2998680691897761,36.9012224,-1.2208721000000002,Nairobi
435,217,"('Parklands', 'Nairobi', 'Kenya')",1,13.530361782639636,1.068562965484215,36.810628799999996,-1.2630616000000001,Nairobi
436,218,"('Kasarani', 'Nairobi', 'Kenya')",1,17.376444033583642,0.2998680691897761,36.9012224,-1.2208721000000002,Nairobi
437,218,"('Khartoum', 'Khartoum', 'Sudan')",1,1610.8806707453411,1.778863357711949,32.5349123,15.563597199999998,Nairobi
438,219,"('Huruma', 'Eldoret', 'Kenya')",1,10.542908690176878,2.8124043553862546,36.82703815284,-1.22778055,Nairobi
439,219,"('Homa Bay', 'Homa Bay', 'Kenya')",1,277.59287427028966,2.902348612376076,34.31878185590796,-0.56396015,Nairobi
440,220,"('Garissa', 'Garissa', 'Kenya')",1,407.2662309519909,0.18309749179647922,40.35638690578711,-0.52360305,Nairobi
441,220,"('Rongai', 'Nairobi', 'Kenya')",1,0.0,3.141592653589793,36.752010600000006,-1.395968,Nairobi
442,221,"('Githurai', 'Nairobi', 'Kenya')",1,5.627045270233516,1.5721219630762306,36.916861499999996,-1.202836,Nairobi
443,221,"('Fizi', 'Fizi', 'Democratic Republic of the Congo')",1,934.3511763632929,-2.8215756449864546,28.880631564917785,-4.2696783,Nairobi
444,222,"('Githurai', 'Nairobi', 'Kenya')",1,5.627045270233516,1.5721219630762306,36.916861499999996,-1.202836,Nairobi
445,222,"('Uvira', 'Uvira', 'Democratic Republic of the Congo')",1,895.5754022189934,-2.9291268188875375,29.00714088737295,-3.1982504,Nairobi
446,223,"('Haatso', 'Accra', 'Ghana')",1,4.316751385682376,-2.721503633497686,-0.2033502,5.6706807999999995,Accra
447,223,"('Riyadh', 'Riyadh', 'Saudi Arabia')",1,5513.504183183063,0.29775733149639166,46.7160104,24.638916000000002,Accra
448,224,"('Hillbrow', 'Johannesburg', 'South Africa')",1,18.67163689361014,2.22625349226423,28.0483333,-26.188055600000002,Johannesburg
449,224,"('Mamelodi', 'Tshwane', 'South Africa')",1,58.42558069809099,0.8986008570395186,28.380829499999997,-25.715805300000003,Johannesburg
450,225,"('Hillbrow', 'Johannesburg', 'South Africa')",1,18.67163689361014,2.22625349226423,28.0483333,-26.188055600000002,Johannesburg
451,225,"('Nelspruit', 'Nelspruit', 'South Africa')",1,324.8728194290794,0.2547237978965006,30.984721999999998,-25.481944,Johannesburg
452,226,"('Hillbrow', 'Johannesburg', 'South Africa')",1,18.67163689361014,2.22625349226423,28.0483333,-26.188055600000002,Johannesburg
453,226,"('Rustenburg', 'Rustenburg', 'South Africa')",1,120.69496192415635,2.55653603078369,27.241448,-25.665654999999997,Johannesburg
454,227,"('Hillbrow', 'Johannesburg', 'South Africa')",1,18.67163689361014,2.22625349226423,28.0483333,-26.188055600000002,Johannesburg
455,227,"('Xai Xai', 'Xai Xai', 'Mozambique')",1,628.9315305136945,0.16888906952884972,33.64073,-25.044479,Johannesburg
456,228,"('Hohoe', 'Ho', 'Ghana')",1,178.1869314109661,1.1586912416365756,0.477735,7.153187,Accra
457,228,"('Madina', 'Accra', 'Ghana')",1,0.0,0.0,-0.16770520000000003,5.6864962,Accra
458,229,"('Honeydew', 'Johannesburg', 'South Africa')",1,17.35113385843496,-2.1462522578793806,27.92530180227797,-26.07883895,Johannesburg
459,229,"('Bulawayo', 'Bulawayo', 'Zimbabwe')",1,570.003710098564,1.4343560163887097,28.588706300000002,-20.1560599,Johannesburg
460,230,"('Honeydew', 'Randburg', 'South Africa')",1,17.35113385843496,-2.1462522578793806,27.92530180227797,-26.07883895,Johannesburg
461,230,"('Alexander', 'Johannesburg', 'South Africa')",1,832.2645250660673,-1.891354713665151,25.420451500000002,-33.78455170000001,Johannesburg
462,231,"('Houghton', 'Johannesburg', 'South Africa')",1,1305.932036522695,-2.4527680666582556,18.7333762,-34.022893700000004,Johannesburg
463,231,"('Mannies', 'Welkom', 'South Africa')",1,230.0839607860314,-2.24954447731562,26.737969,-27.982297999999997,Johannesburg
464,232,"('Iboloji', 'Port Harcourt', 'Nigeria')",1,801.2111021473797,-0.12738703887868094,7.0188527,4.7676576,Accra
465,232,"('Calabar', 'Calabar', 'Nigeria')",1,943.7701541229053,-0.0829010382998732,8.3373597,4.9795999,Accra
466,233,"('Kariobangi', 'Nairobi', 'Kenya')",1,3.997234762629937,2.7769064388978113,36.8832942,-1.2499923000000002,Nairobi
467,233,"('Makindu', 'Makindu', 'Kenya')",1,134.5824613201992,-0.7259222695515911,37.81954,-2.280636,Nairobi
468,234,"('Ikeja', 'Lagos', 'Nigeria')",1,402.5108049827503,0.2565154856442944,3.3532040740949824,6.6048591000000005,Accra
469,234,"('Ilorin', 'Ilorin', 'Nigeria')",1,607.9098737580146,0.5392642846336613,4.548048400000001,8.496365699999998,Accra
470,235,"('Ikeja', 'Lagos', 'Nigeria')",1,402.5108049827503,0.2565154856442944,3.3532040740949824,6.6048591000000005,Accra
471,235,"('Ojo', 'Ilesa', 'Nigeria')",1,499.4314949443495,0.5979197482717562,3.5642897000000002,8.215124900000001,Accra
472,236,"('Jabi', 'Abuja', 'Nigeria')",1,930.9928955788807,0.43136735802534637,7.4210076,9.0646229,Accra
473,236,"('Lagos', 'Lagos', 'Nigeria')",1,412.4315844660987,0.24682351088330887,3.3941795,6.4550575,Accra
474,237,"('Jomvu', 'Mombasa', 'Kenya')",1,395.95007320261436,-0.6279070275199679,39.608073423301065,-3.9861806000000004,Nairobi
475,237,"('nan', 'Sironko', 'Uganda')",1,352.373784316944,2.4410690195368083,34.297734887865296,1.1883856000000002,Nairobi
476,238,"('Juapong', 'Ho', 'Ghana')",1,87.95029271419075,1.1042580462415277,0.13525299999999998,6.2545011,Accra
477,238,"('Kpandai', 'Kpandai', 'Ghana')",1,325.2974589270165,1.4992377793927625,-0.011985299999999999,8.4635789,Accra
478,239,"('Kabiria', 'Nairobi', 'Kenya')",1,3.0998559018159475,-2.764282077647708,36.7256737,-1.2912477,Nairobi
479,239,"('Dandora', 'Nairobi', 'Kenya')",1,2.743432025988959,2.559895668655589,36.8962891457452,-1.2490727499999998,Nairobi
480,240,"('Kabiria', 'Nairobi', 'Kenya')",1,3.0998559018159475,-2.764282077647708,36.7256737,-1.2912477,Nairobi
481,240,"('nan', 'Dinka', 'South Sudan')",1,1142.0578807849745,2.032820624790642,31.6623305,9.5072926,Nairobi
482,241,"('Kadjebi', 'Hohoe', 'Ghana')",1,216.78506664145027,1.236191530129508,0.476103,7.525931,Accra
483,241,"('Kamina', 'Lome', 'Togo')",1,273.5108336538051,1.1446227365868404,0.8547007,7.9238478,Accra
484,242,"('Kaduna', 'Igbo State', 'Nigeria')",1,1028.7532076672767,0.5294391231218414,7.853322599999999,10.3825318,Accra
485,242,"('Enugu', 'Enugu', 'Nigeria')",1,3362.2355042901117,2.870010347136417,7.4143061,6.5536094,Nairobi
486,243,"('Kahawa Wendani', 'Kiambu', 'Kenya')",1,20.665222453252873,0.36184200416486695,36.9257723,-1.1963578000000001,Nairobi
487,243,"('Kakamega', 'Kakamega', 'Kenya')",1,269.3386015035923,2.4945118495864844,34.80154886163461,0.49571040000000005,Nairobi
488,244,"('Kaneshi', 'Accra', 'Ghana')",1,2.5260002562775066,0.37174348866048973,-0.2012376,5.5571095999999995,Accra
489,244,"('Lagos', 'Lagos', 'Nigeria')",1,412.4315844660987,0.24682351088330887,3.3941795,6.4550575,Accra
490,245,"('Kaneshie', 'Accra', 'Ghana')",1,3.177840796793773,2.3259023067456144,-0.2422186,5.569655200000001,Accra
491,245,"('Akwatia', 'Koforidua', 'Ghana')",1,83.98047976607145,2.4288905664370235,-0.797137,6.0422,Accra
492,246,"('Zaria', 'Kaduna', 'Nigeria')",1,1048.232489248242,0.5987771850644004,7.6518533115865965,11.024811900000001,Accra
493,246,"('nan', 'Orlu', 'Nigeria')",1,797.2626688209449,0.018260372008745453,7.0409322202359785,5.8179105,Accra
